,시군구명,연면적_합계,주거용,상업용,공업용,교육및사회용,기타,주민등록인구,재고지표_주거용,재고지표_상업용,재고지표_공업용,재고지표_교육및사회용,재고지수_주거용,재고지수_상업용,재고지수_공업용,재고지수_교육및사회용
11110,서울특별시 종로구,16799481,5043993,8368686,12310,2825484,549008,141379,35.67710197412629,59.19327481450569,0.0870709228386111,19.985174601602782,96.3086846678259,347.36231559512305,1.0193506203396028,290.44532935019663
11140,서울특별시 중구,21841440,4456165,14939584,106117,1873065,466509,120437,36.9999667876151,124.04480350722784,0.8810996620639837,15.552238929896959,99.87969697350174,727.9288114881185,10.315148362108054,226.0213006977987
11170,서울특별시 용산구,16874294,8824454,6212399,32465,1333849,471127,218650,40.35881088497599,28.412526869426024,0.14847930482506289,6.100384175623142,108.94674107522604,166.73247351494578,1.7382665365975012,88.65712341134578
11200,서울특별시 성동구,18083804,9380086,4522594,1837212,1875180,468732,281000,33.38108896797153,16.09464056939502,6.538120996441281,6.673238434163701,90.11070387994268,94.44774992388551,76.54263302033598,96.9824369053861
11215,서울특별시 광진구,16665879,9834221,4607722,10814,1997625,215497,337416,29.145686630153875,13.655908433506413,0.032049458235531215,5.92036240130877,78.67743139917688,80.13660318478139,0.37520717673443293,86.04085987733838
11230,서울특별시 동대문구,18303000,10139741,5302606,68846,2221916,569891,336644,30.1200704601894,15.751375340121909,0.20450683808414824,6.600194864604745,81.3077354272444,92.43337573564784,2.394188156833511,95.92089183308217
11260,서울특별시 중랑구,17615678,12392286,3649886,200392,1204647,168467,385318,32.16119153530331,9.472399420738196,0.520069137699251,3.126370945556657,86.81764725064758,55.58662884154535,6.088517048519548,45.4356720446298
11290,서울특별시 성북구,21293896,14285818,3605964,10815,3201438,189861,430397,33.19218767788809,8.378227543407599,0.025127963252531964,7.438337163130784,89.60077359487678,49.1657292011781,0.2941763345820509,108.1016468572691
11305,서울특별시 강북구,12685065,8525053,2826092,21783,1129762,182375,293660,29.030351426820133,9.623687257372472,0.07417762037730709,3.847177007423551,78.36608935864274,56.47442721761663,0.8684070511929085,55.91117492163534
11320,서울특별시 도봉구,14175204,10054231,2468840,34841,1130349,486943,311694,32.25673577290548,7.920717113579344,0.11177950169076081,3.6264701919189974,87.07556449565611,46.48093295004861,1.3086171671905324,52.70363408214165
11350,서울특별시 노원구,22394906,15763002,3352866,41240,3028067,209731,503734,31.292313006467698,6.6560248067432415,0.08186860525594858,6.011242044412329,84.47214989750044,39.059372821899196,0.9584464116530824,87.36161730871575
11380,서울특별시 은평구,20031929,14106221,4040308,3250,1735969,146181,466746,30.222478607208203,8.656331280825118,0.006963101986947933,3.719301290209236,81.58418147787381,50.797717944962464,0.08151794076007884,54.052752088580604
11410,서울특별시 서대문구,17045866,9902821,3630035,7523,3219197,286290,306337,32.32655865925435,11.849809197060754,0.02455792150474804,10.50867835096642,87.26404814404346,69.53791921380086,0.2875027816865561,152.72303622691098
11440,서울특별시 마포구,23550029,11806549,8988316,97361,1959597,698206,364638,32.37882228401867,24.649970655828522,0.26700727845150535,5.374088822338868,87.40513137890582,144.65276525403763,3.1258889426176726,78.10184444604464
11470,서울특별시 양천구,20514449,14363065,4086660,67553,1699809,297362,440881,32.57809930570834,9.269303961840043,0.15322275171758365,3.8554825451765895,87.94307047097033,54.394809177727254,1.7937986864220905,56.03187962880954
11500,서울특별시 강서구,33822876,17537838,10232564,704638,4533364,814472,569166,30.81322145033259,17.978171570332734,1.238018433989381,7.964924117041425,83.17886442716443,105.50082465291861,14.493642855009725,115.75455579146612
11530,서울특별시 구로구,23219861,12633807,6353744,2213497,1757624,261189,395315,31.958835359143976,16.072610449894388,5.5993245892516095,4.446135360408788,86.27139612367965,94.31847116128017,65.55202135752928,64.61586024802207
11545,서울특별시 금천구,17402860,6553053,3923878,5551689,884057,490183,229642,28.535951611638986,17.086935316710356,24.175407808676113,3.849718257113246,77.03147995189654,100.27080671978803,283.0246440871415,55.94810700343088
11560,서울특별시 영등포구,28951504,11637215,13319739,1396904,1739479,858167,375675,30.976815066214147,35.45548412856858,3.7183842416982764,4.630276169561456,83.62047781765315,208.06247172571747,43.53160802558231,67.2919858775109
11590,서울특별시 동작구,18095159,12254809,3306381,8052,2010775,515142,380596,32.198995785557386,8.687377166339111,0.021156291710895545,5.283226833702929,86.91969807359456,50.979903686765674,0.24767945918707765,76.78134358774028
11620,서울특별시 관악구,20928849,12536494,5202879,10068,2718751,460657,486752,25.75540316218526,10.688973029386629,0.02068404444152258,5.585495283018868,69.52551817237033,62.72581529670116,0.2421507989719875,81.17422286269543
11650,서울특별시 서초구,33369765,15591222,12700017,11864,3403220,1663442,404325,38.56111296605454,31.41041736227045,0.02934273171334941,8.417040746923886,104.09393878968802,184.3249143244523,0.3435191772332703,122.32518457448316
11680,서울특별시 강남구,50118512,20748479,24396436,72245,4208956,692396,529102,39.21451629364471,46.10913585660232,0.13654267041137624,7.954904725364863,105.85777081515428,270.5810119718961,1.598522804732943,115.60894357774272
11710,서울특별시 송파구,39270842,21437943,11193139,1094139,3355083,2190538,658801,32.54084769148802,16.990166985174582,1.6608034899764876,5.092710848951352,87.84251146340534,99.7029437011617,19.443242503672934,74.01256728026628
11740,서울특별시 강동구,21801554,14645577,5109364,35172,1849385,162056,460067,31.8335742402737,11.105695474789542,0.07644973449519309,4.019816678875033,85.93325953379727,65.17125650685948,0.8950069867401909,58.420154064084976
26110,부산광역시 중구,4316181,1255309,2596956,7599,294505,161812,39689,31.628637657789312,65.43263876640883,0.1914636297210814,7.420317972234121,85.38004271944659,383.97660863712076,2.2414896197942893,107.83977324650837
26140,부산광역시 서구,7324421,3598748,1559270,220229,1023975,922199,105192,34.21123279336832,14.823085405734277,2.0935907673587346,9.734342915811089,92.35163869485739,86.98591667610089,24.509939459353415,141.4695888603225
26170,부산광역시 동구,6635054,2877615,2869969,46781,569195,271494,86462,33.281846360250746,33.19341444796558,0.5410584996877241,6.583181050634961,89.84280305606059,194.7880285604405,6.334242239731084,95.67362940478391
26200,부산광역시 영도구,6597551,3621294,1218370,419767,955568,382552,108156,33.48213691334739,11.264932135064166,3.881125411442731,8.835090055105589,90.38347812922429,66.10570075266207,45.43684007005352,128.40071162990944
26230,부산광역시 부산진구,24075199,12487289,7514087,135635,2287573,1650615,355917,35.084834385544944,21.111908113408465,0.38108603972274435,6.427265345572142,94.70988573878113,123.89044721526226,4.461423840817287,93.4077003243241
26260,부산광역시 동래구,15955938,10118659,3780124,32625,1403510,621020,273226,37.03402677636828,13.835154780291774,0.11940664504842145,5.136809820441686,99.97164033591382,81.1884697401704,1.397909126659725,74.65345936921945
26290,부산광역시 남구,16117398,9922143,3000343,419237,2154804,620871,256333,38.70802042655452,11.70486437563638,1.6355170812965947,8.406268408671533,104.49050867641549,68.68734338468397,19.14721122786131,122.16862975852845
26320,부산광역시 북구,15171795,10564465,2387924,49914,1357238,812254,278857,37.88488365004285,8.563256436094486,0.17899496874742252,4.867146960628566,102.26848906548844,50.25152931642985,2.0955173837831738,70.7344384102704
26350,부산광역시 해운대구,35434658,15804185,8936190,941650,2334938,7417695,386785,40.86038755380896,23.103765657923653,2.4345566658479516,6.036785294155668,110.30072406606442,135.57921171032712,28.501671587699573,87.73283836293578
26380,부산광역시 사하구,20146614,11183181,3380179,3107160,1555324,920770,301987,37.0319947547411,11.19312751873425,10.28905217774275,5.150301171904751,99.96615498762873,65.6843316380635,120.45527230173907,74.8495297112196
26410,부산광역시 금정구,14852092,8425366,3270148,592544,2024027,540007,221256,38.079717612177745,14.77992913186535,2.6780923455183134,9.14789655421774,102.79443432403103,86.73266386536275,31.35277547007081,132.9467407974617
26440,부산광역시 강서구,21483125,5404614,5186728,7981412,981710,1928661,143207,37.73987305089835,36.21839714539094,55.73339292073712,6.85518166011438,101.87703966815151,212.5394538313964,652.4780810315623,99.62662497167621
26470,부산광역시 연제구,12269434,7293534,3325757,48850,994961,606332,203536,35.83412271047874,16.339895644996464,0.24000668186463328,4.888378468673847,96.73255487439832,95.88697374178277,2.809789445987984,71.04299675262877
26500,부산광역시 수영구,10498381,6549398,2822770,18163,704899,403151,174806,37.46666590391634,16.148015514341612,0.10390375616397607,4.032464560713019,101.13952962636704,94.7609686895225,1.2164147897878568,58.6039662288144
26530,부산광역시 사상구,16567482,7048060,3469251,3007145,1220235,1822791,203789,34.58508555417613,17.023740241131758,14.756169371261452,5.987737316538184,93.36083691053499,99.89996074351825,172.75239439361317,87.0200221730823
26710,부산광역시 기장군,14530530,6757430,3568536,2407115,1165285,632164,178614,37.83258871085133,19.97903859719843,13.476631171128803,6.524040668704581,102.12732129877993,117.24245925293025,157.77267423524302,94.8141399056885
27110,대구광역시 중구,8420269,2974500,4234887,35161,965333,210388,80199,37.0889911345528,52.804735719896755,0.4384219254604172,12.036721156124141,100.12001407558027,309.8726220424779,5.132662513717857,174.930142477043
27140,대구광역시 동구,22200538,13003341,5950893,585344,1866103,794857,339530,38.29806202691957,17.52685476982888,1.7239831531823402,5.496135834830501,103.38384496067977,102.85237431153654,20.182895039584427,79.87555848387431
27170,대구광역시 서구,11431834,5404155,2875257,1791089,858792,502541,159827,33.812528546490896,17.989807729607637,11.20642319507968,5.3732598371989715,91.27535504334084,105.56910881599339,131.19505413840633,78.08979677236736
27200,대구광역시 남구,8626295,5337593,1920881,6119,1268658,93044,141519,37.716440901928365,13.57330817770052,0.04323801044382733,8.964577194581647,101.81378566708727,79.65188230702294,0.5061930129058071,130.28255332613975
27230,대구광역시 북구,29654456,16925357,5965764,2152050,3241206,1370079,430912,39.27798947348879,13.84450653497698,4.994175144809149,7.521735296301797,106.02911372486992,81.24334839272866,58.46745809024936,109.3136752102315
27260,대구광역시 수성구,26158216,17496648,5527918,104696,2282247,746707,411553,42.51371755278178,13.431849603817735,0.2543925083768069,5.545451011169885,114.76381183699398,78.82176473135763,2.978206188354005,80.59225788327346
27290,대구광역시 달서구,36985183,20853377,6467625,5682998,3400773,580410,536989,38.833899763309866,12.044241129706567,10.583080845231466,6.333040341608488,104.8303141168506,70.67889893761458,123.89750416090735,92.03832463185194
27710,대구광역시 달성군,22453547,9981954,3683214,5435902,1748979,1603498,263162,37.93083347899773,13.995994862480146,20.65610536475631,6.646016522142254,102.39252850093825,82.13232330401769,241.82371256581487,96.58681978618529
28110,인천광역시 중구,17144610,5768196,7003341,776435,1283636,2313002,152931,37.717637365870885,45.794122839712024,5.07702820226115,8.393563110160791,101.81701546609507,268.732429487948,59.43742961182463,121.98398315503323
28140,인천광역시 동구,4819823,1990021,1011961,1256438,403521,157882,58999,33.729741182053935,17.152172070713064,21.295920269835083,6.839454906015356,91.05187438670507,100.65363382309161,249.31410889023925,99.39806743515439
28177,인천광역시 미추홀구,23690333,13082995,6545084,1257226,2454505,350523,406004,32.22380813982128,16.120737726721906,3.096585255317682,6.045519255967921,86.98667787493608,94.60089517607717,36.25212640496801,87.85976937383066
28185,인천광역시 연수구,30510470,14670870,6636290,1523959,3766368,3912983,385796,38.02753268566807,17.201552115625876,3.950167964416427,9.76258955510166,102.65356353146278,100.94340942342556,46.24513021915434,141.88009838127152
28200,인천광역시 남동구,35439176,17204023,8018006,7428209,2312645,476293,506181,33.98788773185876,15.840195503189571,14.675005581007584,4.568810366252388,91.74872904382578,92.9545967292726,171.8021993428757,66.39870093796151
28237,인천광역시 부평구,27043601,14513283,6687981,3159730,2172349,510258,489118,29.672355137206154,13.673553212108326,6.460056673440765,4.441359753679071,80.09914864535224,80.2401475683711,75.62872383592935,64.54645616739181
28245,인천광역시 계양구,15544314,9454291,3635854,907981,1314659,231529,288856,32.730118121139945,12.58708145234996,3.1433690143185533,4.551260835849004,88.35343822364253,73.86443432254997,36.79982995748175,66.14365292164129
28260,인천광역시 서구,43932370,21361658,8738260,7734963,2990867,3106622,589013,36.266870170946994,14.835428080534726,13.132075183400026,5.077760592720365,97.90073660455299,87.0583468653877,153.73891246515063,73.79529461783326
28710,인천광역시 강화군,7063635,3199180,1403425,408820,742635,1309575,69803,45.83155451771414,20.10551122444594,5.856768333739238,10.639012649886109,123.72015908365827,117.98463519771052,68.56594876395437,154.61718972469026
28720,인천광역시 옹진군,1571450,830295,473072,4978,130946,132159,20613,40.28016300392956,22.950177072721097,0.24149808373356618,6.352593023819919,108.73443476231456,134.6779119128058,2.8272494816773985,92.32248453226748
29110,광주광역시 동구,9275776,4344991,3296175,18397,1517121,99092,105909,41.02570130961486,31.12270911820525,0.17370572850277124,14.324759935416253,110.74698089462383,182.6365637105105,2.0335955601853697,208.18230014216658
29140,광주광역시 서구,19937198,11681366,5842592,139592,1664339,609309,287401,40.644834221175294,20.329059397844823,0.485704642642162,5.7909993354233285,109.71884782631909,119.29647698045078,5.6862074345623235,84.1608213474856
29155,광주광역시 남구,13137250,8747086,2384460,82747,1603476,319481,212379,41.18620955932555,11.22738123825802,0.38961950098644405,7.550068509598407,111.18026548200936,65.88534182661631,4.5613261819113315,109.72544291461888
29170,광주광역시 북구,28598569,16804736,5581494,1895024,3573158,744157,424707,39.56783382426002,13.141987299479405,4.461956125046209,8.413230768506288,106.8115351278589,77.12077350297527,52.236700791886236,122.26981400813204
29200,광주광역시 광산구,31432277,16153320,5411675,5992541,2581394,1293347,400654,40.317381081931046,13.50710338596395,14.956897971816081,6.442950775482087,108.83490324040976,79.26337449370844,175.10235023219454,93.635657294779
30110,대전광역시 동구,14164569,8377936,3512723,247891,1651477,374542,219751,38.12467747587041,15.985014857725334,1.1280540247825948,7.515219498432317,102.91580139409817,93.80443628439392,13.206275211646368,109.21898086325147
30140,대전광역시 중구,15200181,8832341,3943180,111457,1774048,539155,227108,38.89048822586611,17.362576395371367,0.4907665075646829,7.811472955598218,104.98307205106056,101.88834390888375,5.745467345685705,113.5244440204652
30170,대전광역시 서구,31606365,17303938,7595994,53770,3354005,3298658,470374,36.78761581209846,16.148839008958827,0.11431329112578502,7.130506788215335,99.30646534850123,94.76580118101772,1.3382805697157267,103.62793589858967
30200,대전광역시 유성구,31176843,15623059,6191239,1922706,6298006,1141833,356093,43.873535845972825,17.38657878700227,5.399449020340192,17.68640776426383,118.434578349909,102.0291965034202,63.21205207136208,257.0372603950885
30230,대전광역시 대덕구,14796578,6435948,2841959,3136720,1170737,1211214,172746,37.25671216699663,16.451663135470575,18.157989186435575,6.777216259710789,100.5727692359492,96.54285592469975,212.57794149742298,98.4935507379227
31110,울산광역시 중구,12444359,8092204,2813561,158867,1150427,229300,208132,38.880152979839714,13.518156746679992,0.763299252397517,5.5273912709242214,104.95517253300997,79.32823863554658,8.936043642012867,80.32979496722716
31140,울산광역시 남구,28189836,12540546,6900791,4640120,2240934,1867445,310638,40.37028953315435,22.21489643894179,14.937386926261436,7.213972533946265,108.97772715443796,130.3630841834361,174.8739318837814,104.84094686754742
31170,울산광역시 동구,8998658,5713438,1679250,440660,924765,240545,151711,37.66001146917495,11.068742543388415,2.9046015120854785,6.095569866390703,101.66145702646578,64.95440660524908,34.004547748639766,88.58715686571965
31200,울산광역시 북구,17815458,8650228,2771215,4449643,1152554,791818,218670,39.55836648831573,12.673046142589289,20.348666941052727,5.270745872776329,106.78597849288434,74.36889862114683,238.2244909462238,76.5999572911881
31710,울산광역시 울주군,23162824,8740394,3660401,6940834,1708426,2112769,221512,39.45788038571274,16.524617176496083,31.333896132037992,7.71256636209325,106.51472091215066,96.97097017757824,366.82999810455544,112.0870306028635
36110,세종특별자치시,29934347,15697087,5661425,2935398,3169581,2470856,383591,40.92141630017388,14.75901415830924,7.652416245428073,8.262918055950218,110.46546834079822,86.6099290839568,89.58783245392311,120.08531343837629
41111,경기도 수원시 장안구,13831097,8993945,2421433,206243,1886036,323440,270524,33.246384793955436,8.950898996022534,0.7623833744880306,6.9717880853454774,89.74707619997685,52.526321810370916,8.925321340184041,101.3212707406393
41113,경기도 수원시 권선구,21716970,12810670,5761416,1352945,1443347,348592,367446,34.86408887292282,15.679626394082396,3.6820240252989556,3.928052013084916,94.11399344959297,92.01233330952941,43.105934242257085,57.08653456315833
41115,경기도 수원시 팔달구,12661858,6001188,5118233,15693,1253431,273313,192610,31.15719848398318,26.573038783033073,0.08147552048180261,6.507611235138363,84.10741450084625,155.93785464647738,0.9538445170675105,94.57537030080377
41117,경기도 수원시 영통구,24130416,12567345,5614601,2193054,3565236,190180,360384,34.87209476558338,15.579495760078139,6.085325652637187,9.892880927011188,94.13560498609863,91.42473938101774,71.24169902829482,143.773628019122
41131,경기도 성남시 수정구,13299895,6790604,3933813,268007,1710267,597204,230460,29.465434348693915,17.06939599062744,1.162921982122711,7.421101275709451,79.54057555871266,100.16788116040259,13.614478924044155,107.85115702675591
41133,경기도 성남시 중원구,11983968,5468325,2766303,2644744,864353,240243,210505,25.97717393886131,13.141269803567612,12.563806085366144,4.106092491864802,70.12417811439482,77.11656304085552,147.0861122108757,59.67400385115461
41135,경기도 성남시 분당구,56728772,21266996,14076678,162486,4257751,16964861,481553,44.16335481245055,29.23183533276711,0.33742080310993805,8.841707973992479,119.21693122917316,171.5403995150646,3.9502292355752955,128.49689010565626
41150,경기도 의정부시,24684616,14908000,5806425,470978,2055220,1443993,463724,32.14843311970051,12.521294994436346,1.0156429255332913,4.431989718021927,86.78320649853598,73.47838140644953,11.890263849676268,64.41028107026536
41171,경기도 안양시 만안구,13255729,6921352,3053667,990696,1334929,955085,234394,29.528708072732236,13.02792306970315,4.226626961440992,5.695235372919102,79.7113800467169,76.45141342607774,49.48167166063874,82.76907990995073
41173,경기도 안양시 동안구,20586689,10149346,5023597,2566208,1587670,1259868,313834,32.33985482771146,16.00717895447912,8.176959794031239,5.058948361235558,87.29994053508338,93.93450126214006,95.72873201295094,73.5218957169811
41190,경기도 부천시,48614833,24286482,11680312,5302222,3803263,3542554,790128,30.737402041188265,14.782809873843226,6.710586132879736,4.813477056881923,82.9741934431737,86.74956884666685,78.56170480784131,69.95445158600533
41210,경기도 광명시,15868107,8934534,3825734,1167858,1303115,636866,287945,31.02861310319679,13.286335932209276,4.055837052214833,4.525569119102607,83.76030421985902,77.96785073387973,47.482211976030584,65.7702741906203
41220,경기도 평택시,54174433,24485305,9860100,10332946,2879011,6617071,578529,42.32338396173744,17.04339799733462,17.860722625832068,4.976433333506185,114.25001512181016,100.01531782986679,209.09780320235677,72.32270157017209
41250,경기도 동두천시,6139570,3372719,1277944,496792,631220,360895,91546,36.841795381556814,13.959583160378388,5.426692591702532,6.895112839446836,99.45272058734285,81.91864948386733,63.53099610529568,100.20694637310277
41271,경기도 안산시 상록구,17914510,11461902,3172052,402858,1859669,1018029,344664,33.25529211057726,9.203316853515307,1.1688426989763945,5.39559977253209,89.7711210887234,54.00757879017165,13.683793526449875,78.41446393214135
41273,경기도 안산시 단원구,30681349,10110882,5933877,11754377,1911765,970448,296996,34.04383224016485,19.979652924618513,39.5775599671376,6.4370058856011525,91.89974865335726,117.24606429414214,463.33964300352494,93.54925997607455
41281,경기도 고양시 덕양구,27108421,15947757,6937057,671959,2087303,1464345,490088,32.54059883123031,14.15471711202886,1.3710986598325199,4.259037152511386,87.84183967666374,83.06374884707951,16.051630370768343,61.896754626136016
41285,경기도 고양시 일산동구,23516844,10074608,8105252,837226,2149735,2350023,296122,34.02181533286956,27.37132668292123,2.8273009097601665,7.259626100053357,91.84031503165781,160.6224262348154,33.09957954152677,105.5044319412741
41287,경기도 고양시 일산서구,17728299,10257791,4041389,117201,1826058,1485860,290325,35.332096788082325,13.920223887023164,0.4036889692585895,6.28970291914234,95.37735914436917,81.6876785099576,4.726039277207711,91.4085001648513
41290,경기도 과천시,5081538,2829534,978498,155902,730728,386876,78137,36.21247296415271,12.52285089010328,1.995239131269437,9.351881950932336,97.75389386380122,73.48751182748781,23.358524061530357,135.91126859931788
41310,경기도 구리시,11167197,6079267,2697356,289940,813030,1287604,188701,32.2164005490167,14.294338662752185,1.5365048409918336,4.308562222775714,86.96668142658486,83.88308626874132,17.98806205055276,62.61650442221038
41360,경기도 남양주시,45179326,26354732,8673413,2751195,3063213,4336773,737353,35.74235406921787,11.762904606070634,3.7311776042139924,4.15433720348327,96.48482967687534,69.02793932070027,43.681381584785264,60.375146144617865
41370,경기도 오산시,14400457,7892417,3069424,1240392,1264997,933227,229849,34.337399771154104,13.354088988857903,5.396551649126166,5.503600189689752,92.69222060893426,78.3654441888772,63.17813216965337,79.9840382469337
41390,경기도 시흥시,41738171,20952363,8520911,8369301,2385088,1510508,512912,40.849820242068816,16.612812724210002,16.317225956889292,4.650092023582993,110.27219809736589,97.48852575758441,191.0278869124466,67.57997046420444
41410,경기도 군포시,18627280,9508030,2782989,2465391,1154398,2716472,266213,35.71587413086513,10.453993606623268,9.260971477726482,4.336369749035547,96.41334830950737,61.346891818247414,108.41939780821599,63.02063229619472
41430,경기도 의왕시,9559309,5416781,1538622,972554,1166164,465188,160221,33.80818369626953,9.6031231860992,6.070078204480062,7.278471611087186,91.26362632136669,56.35375162671662,71.06319516924682,105.77831449512252
41450,경기도 하남시,22521714,11030076,6478619,2236988,1147699,1628332,326059,33.82846662720551,19.869468409091606,6.86068472270356,3.5199120404589355,91.31837915417998,116.5994714408815,80.31892852456487,51.15502027151806
41461,경기도 용인시 처인구,25758956,8926930,4778918,3114391,3003752,5934965,259288,34.42862762642313,18.4309262287495,12.011319459442781,11.584616333960692,92.93848597971461,108.15771273753572,140.61807941067005,168.35968529607126
41463,경기도 용인시 기흥구,30127144,17134351,5158552,2415894,4240407,1177940,438235,39.09854530103711,11.771200383355962,5.512781954887218,9.676103004095976,105.5447124909171,69.07662120925134,64.53885547908004,140.6231859303193
41465,경기도 용인시 수지구,21456431,15654717,3250226,213082,1767463,570943,377448,41.475162141540025,8.611056357432018,0.5645333926792565,4.682666221572243,111.96027959707482,50.53203231973726,6.609065865727075,68.0533725661079
41480,경기도 파주시,38909628,17855602,7303062,8594331,1796109,3360524,495315,36.04898297043296,14.744277883770934,17.351243148299567,3.626195451379425,97.31256019653982,86.52345259717832,203.13326068297098,52.69964126706284
41500,경기도 이천시,26380275,7839173,3809599,4326852,1861976,8542675,222721,35.19727820905977,17.10480376794285,19.427229583200507,8.360127693392181,95.01342263338618,100.37566367550923,227.4371039321719,121.49806492670106
41550,경기도 안성시,24546089,7201662,3335869,4913714,1895810,7199034,188842,38.13591256182417,17.664867984876246,26.020239141716356,10.039133243664015,102.9461299883635,103.66227357985396,304.6223244889231,145.8991186953482
41570,경기도 김포시,40063572,17917617,8889438,8404661,1890331,2961525,484267,36.99945897614332,18.35648103215788,17.35542789411626,3.9034891908802374,99.87832615994907,107.72084797622567,203.18225204662195,56.72956210095948
41590,경기도 화성시,90494856,37372003,16869068,23465680,6363573,6424532,910814,41.031432323174656,18.520870342353103,25.76341602127328,6.98668773207263,110.76245150034056,108.68552938010882,301.6156628089218,101.53780789316048
41610,경기도 광주시,27869706,13757413,5277347,3262961,1600555,3971430,391462,35.14367422636169,13.48112205016068,8.335319903336723,4.088659946559308,94.86872116435002,79.11090891387425,97.58267441295052,59.42065598386802
41630,경기도 양주시,21057371,9082186,3821850,3979709,1524160,2649466,243432,37.308924052712875,15.699866903283052,16.348339577376844,6.261132472312597,100.7137128036472,92.1311101497498,191.39213811492647,90.99328473618642
41650,경기도 포천시,20138128,4862716,3700799,6403084,1491224,3680305,146701,33.147122378170565,25.226815086468395,43.647173502566446,10.165056816245288,89.47912190514302,148.03784603885873,510.98313806066324,147.72917093359024
41670,경기도 여주시,12820358,4640227,2017410,1473341,1257445,3431935,113150,41.00951833848873,17.829518338488732,13.021131241714539,11.113079982324349,110.70329571345903,104.62848685785922,152.4400773076361,161.50682893220318
41800,경기도 연천군,4771964,1388840,759203,375103,326438,1922380,42062,33.01887689601065,18.04961723170558,8.91785935048262,7.760876800912938,89.13292916475817,105.92008732171784,104.40253950064589,112.78912811232993
41820,경기도 가평군,6728160,2810731,1649063,177378,1130190,960798,62150,45.22495575221239,26.5335961383749,2.8540305711987126,18.184875301689463,122.08267380615541,155.70639442697453,33.412507165130265,264.2815087423788
41830,경기도 양평군,10737863,5566999,1978054,98910,979918,2113982,122323,45.510648038390165,16.170744667805728,0.8085969114557361,8.010905553330117,122.85388690304539,94.8943495744888,9.466349229177862,116.42280581545104
42110,강원도 춘천시,21880056,11940287,4592077,701752,2791823,1854117,286664,41.65255141908297,16.019022269974606,2.4479948650685124,9.739008037284067,112.43913373737821,94.00400107453812,28.658994334090078,141.5373872543665
42130,강원도 원주시,28901644,15488754,6441561,2055662,2823791,2091876,360807,42.92808620675319,17.853204067548578,5.697400549324154,7.826319888472231,115.88238083008389,104.76748118987697,66.70020938036275,113.74021508048322
42150,강원도 강릉시,17026882,8419368,4150005,817391,1930204,1709914,211381,39.83029695194932,19.63281941139459,3.8669085679413002,9.131397807749988,107.52004218708954,115.210750440381,45.270401633776515,132.70696386544995
42170,강원도 동해시,7043001,3505648,1499891,938880,493283,605299,89426,39.20166394560866,16.77242636369736,10.498960033994587,5.516102699438642,105.8230764967889,98.42518222044507,122.91269088085608,80.16573771336863
42190,강원도 태백시,3107267,1592145,726846,122394,459141,206741,39428,40.38107436339657,18.434767170538702,3.1042406411687127,11.645049203611647,109.00684030426015,108.180252433779,36.341749002981025,169.23795857009816
42210,강원도 속초시,7662201,3572728,3004125,148916,566536,369896,82806,43.14576238436828,36.279073980146364,1.7983720986401952,6.841726444943603,116.46998759155326,212.8955220822184,21.05377610098565,99.43107979983465
42230,강원도 삼척시,5330297,2702620,1111030,339355,613238,564054,63455,42.59112757071941,17.50894334567804,5.347963123473328,9.664139941690962,114.97277659576537,102.74726517898492,62.60929997917102,140.44932627337226
42720,강원도 홍천군,6729298,2688769,1565767,262338,562092,1650332,67977,39.554099180605206,23.033776130161673,3.859217088132751,8.26885564234962,106.77445909332741,135.1684940315537,45.18035647910752,120.17160461529608
42730,강원도 횡성군,6066749,2061885,870650,680202,553025,1900987,46532,44.311119229777354,18.710779678500817,14.617940342130147,11.884831943608699,119.61581443117126,109.7999692715344,171.13412916797512,172.72273057130704
42750,강원도 영월군,3895933,1634737,648491,370144,381750,860811,37728,43.32954304495335,17.188586726039016,9.810856658184903,10.118479643765903,116.96609497441099,100.86732497356874,114.85697514795315,147.05226305209038
42760,강원도 평창군,6200949,2329155,1984426,134785,683644,1068939,40990,56.82251768724079,48.41244205903879,3.288241034398634,16.678311783361796,153.38975519763898,284.0974423182515,38.49586554231416,242.3865618134399
42770,강원도 정선군,3996287,1461037,1447329,148173,466673,473075,34931,41.826371990495545,41.43394119836248,4.241876842918897,13.359852280209555,112.90835432073993,243.14569187120497,49.66020400688962,194.15925919827814
42780,강원도 철원군,4727873,1414541,672019,195747,381189,2064377,42256,33.4755064369557,15.903516660355926,4.63240723210905,9.02094377129875,90.36557946524456,93.32618258676055,54.232194075495165,131.10173100485912
42790,강원도 화천군,2413020,638294,363441,33841,212577,1164867,23388,27.291517017273815,15.539635710620832,1.4469386009919616,9.08914828116983,73.67218639085095,91.19082971606652,16.9394984276016,132.09294983219354
42800,강원도 양구군,1981474,741734,342839,60242,203538,633121,21383,34.68802319599682,16.03325071318337,2.817284758920638,9.518683065986998,93.6387123078626,94.08749746827202,32.98231916069202,138.33539577177433
42810,강원도 인제군,3307857,1093661,622037,51240,321413,1219506,32206,33.958299695708874,19.314320312985156,1.5910078867291808,9.97991057566913,91.6688575103821,113.3417106772465,18.626136297058,145.03843332963754
42820,강원도 고성군,3444126,1085719,1027089,109902,377918,843498,27274,39.80783896751485,37.65817261861113,4.029551954242136,13.856346703820488,107.45941789807799,220.9884498344402,47.17448891475306,201.3748322048131
42830,강원도 양양군,3194606,1329401,995574,91814,286016,491801,27866,47.70691882580923,35.727194430488765,3.2948395894638627,10.263977607119788,128.78261819024743,209.6569420425197,38.57311568483939,149.16679068212233
43111,충청북도 청주시 상당구,13128101,7721012,3016179,215086,1137351,1038473,196425,39.30768486699758,15.355372279495992,1.0950031818760342,5.790255822833142,106.10927506453251,90.10952153848042,12.81934469430253,84.15001584973851
43112,충청북도 청주시 서원구,13973173,8056965,2829899,649745,1817115,619449,191273,42.12285581341852,14.795078238956883,3.39695095491784,9.500112404782692,113.70869867134634,86.8215629664009,39.768546723421174,138.06550762131988
43113,충청북도 청주시 흥덕구,24708120,10856258,4770930,5943674,1859463,1277795,268051,40.5007181469198,17.798590566720513,22.173668443691685,6.936974680191456,109.32981315749697,104.44699423979962,259.5900209439233,100.81532615284718
43114,충청북도 청주시 청원구,16875147,7662033,3318788,2471288,1496457,1926581,193824,39.53087852897474,17.122688624731715,12.750165098233449,7.720700222882615,106.71177601953734,100.48061690351926,149.267841417126,112.2052403219653
43130,충청북도 충주시,20253129,9048919,3741474,3109945,1880482,2472309,208277,43.44655914959405,17.963932647387853,14.931773551568345,9.028754975345333,117.28197453018522,105.41726676122882,174.80821537603052,131.21525154081425
43150,충청북도 제천시,11163726,5580831,2293256,1080775,1045155,1163709,130988,42.60566616789324,17.50737472134852,8.250946651601673,7.979013344733869,115.01202286559251,102.73806006267552,96.5949057791483,115.95931509224768
43720,충청북도 보은군,4862851,1463096,578859,600674,351835,1868387,31455,46.51394054999205,18.40276585598474,19.096296296296295,11.185344142425688,125.56222857831743,107.9924599732269,223.56282489274912,162.55704681617232
43730,충청북도 옥천군,5318236,1991681,728860,763996,397388,1436311,49520,40.21972940226171,14.718497576736672,15.428029079159936,8.024798061389337,108.57129705313093,86.37216670910679,180.61794339321335,116.62470618205762
43740,충청북도 영동군,4560439,1921730,603576,390217,387958,1256958,44956,42.746908087908174,13.425927573627547,8.679975976510367,8.629726844025269,115.39329888813666,78.78701263956454,101.61760789636563,125.4161599976283
43745,충청북도 증평군,3520338,1557563,535326,690634,265252,471563,37262,41.80030594171005,14.366539638237347,18.534539208845473,7.1185658311416455,112.83799022909263,84.30678132719763,216.9862615934885,103.45439749929312
43750,충청북도 진천군,11898205,3855207,1244132,4158951,902797,1737118,86147,44.75149453840528,14.441965477613847,48.277374719955425,10.479726513981914,120.8045871842077,84.74940076840325,565.1895060348598,152.30227804011068
43760,충청북도 괴산군,4765202,1752090,561406,700771,463230,1287705,37055,47.2834975037107,15.150613952233167,18.91164485224666,12.501146943732289,127.63961193875326,88.90794370859544,221.4010864167773,181.67966073392904
43770,충청북도 음성군,17295565,4170402,1928219,7330177,976685,2890082,92058,45.301896630385194,20.945697277803124,79.62563818462274,10.609452736318408,122.29037214385627,122.91507660240468,932.187704371489,154.18759433696493
43800,충청북도 단양군,3267221,1304374,606111,677015,337127,342594,27767,46.97569056794036,21.828465444592503,24.382000216083842,12.14128281773328,126.80870136935853,128.095401487462,285.4432482753486,176.44974122205645
44131,충청남도 천안시 동남구,23565679,10287019,4475332,2904814,3152346,2746168,255647,40.239153989681085,17.50590462630111,11.36259764440811,12.330854655051692,108.62373282736877,102.72943314312404,133.02340873273178,179.20479619771083
44133,충청남도 천안시 서북구,34271882,14797593,7478702,6718042,2387715,2889830,401912,36.817992495869746,18.607809669778458,16.71520631381994,5.940890045582117,99.3884657996787,109.19571311610568,195.6870947225232,86.33918893978638
44150,충청남도 공주시,11270315,4309282,1885435,1024765,1461659,2589174,102571,42.01267414766357,18.381755076971075,9.99078686958302,14.250216922911934,113.41126836685957,107.86916297921003,116.96344153910955,207.09896360650094
44180,충청남도 보령시,9476899,3557112,2042346,754473,736264,2386704,97157,36.61199913541999,21.021089576664576,7.765503257613965,7.57808495527857,98.83239626214707,123.35749921870054,90.91175681656834,110.13260702276455
44200,충청남도 아산시,35260514,14326260,5167415,10252477,2289882,3224480,334539,42.82388600432237,15.44637545996132,30.6465823117783,6.844888039959467,115.60109720885501,90.64355307486723,358.783525801186,99.4770273846799
44210,충청남도 서산시,16864752,7661792,2720188,3323079,1106486,2053207,176413,43.43099431447796,15.419430540833158,18.836928117542357,6.27213413977428,117.23995797855527,90.48543292471145,220.52636788402728,91.15317240256957
44230,충청남도 논산시,11380134,4144538,1763066,1491085,1207007,2774438,112617,36.802063631600916,15.655416144986992,13.240318957173429,10.717804594333005,99.34546656820817,91.87026095057871,155.0061364056656,155.7622761555682
44250,충청남도 계룡시,2740544,1638435,434119,136654,218748,312588,44475,36.83946037099494,9.760966835300732,3.072602585722316,4.918448566610455,99.4464173344592,57.280021302798,35.97135817221655,71.48000666987464
44270,충청남도 당진시,20677535,7924547,2787632,5271235,1196752,3497369,168253,47.098993777228344,16.568096854142272,31.329218498332867,7.112812252976172,127.14155267298905,97.22612081007557,366.77523643827703,103.37078052128189
44710,충청남도 금산군,5635299,1989870,895124,1329543,520052,900710,50092,39.72430727461471,17.869599936117545,26.54202267827198,10.381937235486705,107.23392796122371,104.86369662803541,310.7309122278727,150.88110260553722
44760,충청남도 부여군,7023997,2565248,944365,598545,571514,2344325,62343,41.14733009319411,15.147891503456684,9.600837303305905,9.16725213736907,111.0753121635918,88.89196763506256,112.39825123990362,133.22803624947653
44770,충청남도 서천군,5119589,1748921,855071,696939,495932,1322726,49964,35.00362260827796,17.113741894163798,13.948823152669922,9.925786566327757,94.49065830674947,100.42811504318436,163.3006871884936,144.25184697088503
44790,충청남도 청양군,3576708,1262781,457881,287528,256368,1312150,30266,41.72275821053327,15.12856010044274,9.500033040375339,8.470494944822573,112.62865371980925,88.77852567842697,111.21812262059854,123.10203653716701
44800,충청남도 홍성군,11098967,3879464,1747700,786564,889010,3796229,98068,39.55891830158665,17.821307664069828,8.020597952441163,9.065240445405228,106.78746808725619,104.58030437618902,93.89818359304138,131.74549631371673
44810,충청남도 예산군,10449072,3415304,1551101,1756087,669159,3057421,77385,44.13392776377851,20.04394908574013,22.69286037345739,8.64714091878271,119.13749427397104,117.62337174133224,265.6682684050528,125.66923943171282
44825,충청남도 태안군,5519027,2681304,1383438,145166,477509,831610,61335,43.71572511616532,22.55544142822206,2.3667726420477706,7.785261270074183,118.00857559258718,132.36149525988702,27.708115203349543,113.14350856272637
45111,전라북도 전주시 완산구,22919011,13589463,5877401,99503,2618410,734234,332573,40.861594296590525,17.672514004444135,0.2991914557104756,7.873188743523978,110.3039816123222,103.70714251252429,3.502673292484503,114.4213619962915
45113,전라북도 전주시 덕진구,24159329,12758649,5594420,1581279,2806443,1418538,318922,40.00554681081895,17.54165595349333,4.958199810611999,8.799778629257311,107.99312106575509,102.93923170280847,58.04629017293257,127.88752928775942
45130,전라북도 군산시,25637404,11223303,4550625,5361930,2148801,2352745,262467,42.76081564539542,17.33789390666255,20.428968213146796,8.186937786464584,115.43084169555162,101.7435003188068,239.16458838466338,118.98108919041293
45140,전라북도 익산시,25501240,11019639,4296891,3814409,2747893,3622408,273697,40.26218409408945,15.699445006704494,13.936612385228921,10.03990909655568,108.6859015277565,92.12863434531208,163.15773414561755,145.91039419596999
45180,전라북도 정읍시,12624480,3660977,1606076,1256601,1011094,5089732,105081,34.839571378270094,15.284171258362596,11.958403517286664,9.62204394705037,94.04780960811765,89.69169448547248,139.9985855922495,139.83754352583847
45190,전라북도 남원시,8893198,3070643,1443736,503012,804385,3071422,77948,39.393480268897214,18.52178375327141,6.453173910812336,10.319507877046236,106.34087577900459,108.6908895250352,75.54814643849045,149.97381428132564
45210,전라북도 김제시,9532216,2875076,1382174,1597878,735468,2941620,81455,35.29649499723774,16.968559327235898,19.616696335399915,9.029132649929409,95.28125375860807,99.57614405847104,229.6552158470551,131.2207403004146
45710,전라북도 완주군,11348531,3783960,1483119,2775495,1228805,2077152,92422,40.942199909112546,16.047250654606046,30.03067451472593,13.29558979463764,110.52157273069471,94.16965295106995,351.57301310039577,193.22532996529057
45720,전라북도 진안군,2995525,953718,387360,138199,236869,1279379,24550,38.847983706720974,15.778411405295316,5.62928716904277,9.648431771894094,104.86833306989907,92.59203075570959,65.90279717684275,140.22103882324538
45730,전라북도 무주군,2716416,944442,733267,81414,338845,618448,23489,40.207841968581036,31.217463493550174,3.4660479373323683,14.425688620205202,108.53920747638526,183.19260828374496,40.5774740850663,209.64910069201306
45740,전라북도 장수군,2907331,799662,304443,107699,231172,1464355,21336,37.47947131608549,14.268982002249718,5.047759655043119,10.834833145856768,101.1740972435332,83.73428645431143,59.09477892212839,157.46305670256277
45750,전라북도 임실군,2923343,728967,377601,272182,249333,1295260,26508,27.49988682661838,14.24479402444545,10.267919118756602,9.405952919873245,74.23467104212712,83.5923447893844,120.20786483108286,136.69708411984215
45770,전라북도 순창군,3445022,942325,373103,263999,253523,1612072,26727,35.25741759269653,13.959778501141168,9.877614397425823,9.485651214128035,95.17576611461934,81.91979579685477,115.63851668546314,137.85534256816337
45790,전라북도 고창군,5578644,1461153,843105,297596,540209,2436581,52338,27.917631548779088,16.108850166227214,5.686040735221063,10.321544575642937,75.36235357495733,94.5311357219305,66.56721855891031,150.0034137022213
45800,전라북도 부안군,5952572,2041147,1043560,296418,453894,2117553,50094,40.74633688665309,20.832035772747236,5.917235597077494,9.060845610252725,109.992849571459,122.24807982424089,69.2738468817719,131.68162600141002
46110,전라남도 목포시,15901572,8900829,3926430,554817,1863603,655893,216939,41.02917870922241,18.099235268900475,2.557479291413715,8.590447084203394,110.7563679738353,106.21125952581222,29.94074275565405,124.84530570159697
46130,전라남도 여수시,23872488,10942496,5806507,3364334,2131330,1627821,274765,39.82492675559114,21.132629701745127,12.244405219005332,7.756919549433152,107.50554559070011,124.01204715934355,143.34684471895562,112.73161722076756
46150,전라남도 순천시,20602678,10875849,4169486,1445073,2152102,1960168,278737,39.01831834309762,14.95849492532387,5.184360167469694,7.720905369577774,105.32814353305564,87.78053674781783,60.69397889085766,112.20822172696319
46170,전라남도 나주시,14934385,5345653,2865140,1414299,1306924,4002369,116456,45.902770144947446,24.602768427560623,12.144492340454764,11.22247028920794,123.91240237156904,144.3757696770271,142.17715165254342,163.0966025691058
46230,전라남도 광양시,16925542,6155858,2393115,5730659,1054650,1591260,152168,40.4543530834341,15.72679538404921,37.66007964880921,6.930826454970822,109.20465281565961,92.28913383510434,440.8914514803926,100.72597375364506
46710,전라남도 담양군,5194085,1922159,796127,648380,411559,1415860,45792,41.97586914744934,17.385722396925228,14.15924178895877,8.98757424877708,113.31191497312254,102.02417097237554,165.76408553594902,130.6167704202121
46720,전라남도 곡성군,3354990,1018161,421682,422690,314218,1178239,27060,37.626053215077604,15.583222468588323,15.620473022912048,11.61189948263119,101.56978829204608,91.44660872515695,182.8709096768936,168.75619236990374
46730,전라남도 구례군,2360888,975255,555983,99754,234628,495268,24655,39.55607381869803,22.55051713648347,4.045994727235855,9.516446968160617,106.77978953741878,132.33259817003443,47.366986597157535,138.3028984740229
46770,전라남도 고흥군,6317611,2339162,987855,291561,585722,2113311,61880,37.80158371040724,15.964043309631545,4.711716224951519,9.465449256625726,102.0436247358399,93.68136950813765,55.160674771655074,137.56174672438195
46780,전라남도 보성군,4653106,1831082,665435,166170,394268,1596151,38471,47.59642327987315,17.297054924488577,4.319357438070234,10.248446882067011,128.48434058074668,101.50384600910769,50.567279413431365,148.94108204344775
46790,전라남도 화순군,5943985,2611234,960797,452143,571066,1348745,62024,42.10038049787179,15.490729395072876,7.289807171417515,9.207177866632271,113.6480275977998,90.90383408912749,85.34272085428445,133.80827844483204
46800,전라남도 장흥군,5002302,1481233,559414,244418,319291,2397946,35650,41.54931276297335,15.691837307152875,6.856044880785414,8.956269284712482,112.16044576591679,92.08399028497104,80.2646092916528,130.16181414490848
46810,전라남도 강진군,4208095,1415486,568404,200637,341107,1682461,33177,42.66467733670917,17.13247129035175,6.047472646713084,10.28142990626036,115.17132078316146,100.53802425922169,70.79854896381265,149.42042563267188
46820,전라남도 해남군,7087912,2608379,1009676,282257,541604,2645996,65831,39.622351171940274,15.337394236757758,4.287600066837812,8.227187799061232,106.95870218336896,90.00402146984948,50.19549173723862,119.56604420822126
46830,전라남도 영암군,8995840,2245637,883732,2581251,648229,2636991,52395,42.85975761045901,16.866723924038553,49.26521614657887,12.37196297356618,115.6979309485026,98.97854607837883,576.7542941202256,179.80222500921676
46840,전라남도 무안군,9430266,3493026,1817001,440272,917916,2762051,90608,38.550966802048386,20.0534279533816,4.859085290482077,10.130628642062511,104.06654968979518,117.67899632746095,56.88594359240573,147.2288249226707
46860,전라남도 함평군,4433865,836435,447043,454281,345501,2350605,30784,27.171095374220375,14.521926975051976,14.757049116424117,11.22339527027027,73.34711374183294,85.21863669082185,172.76269368467462,163.1100453553034
46870,전라남도 영광군,4890692,1631448,744318,341646,450590,1722690,52197,31.255589401689754,14.259785045117535,6.545318696476809,8.632488457191027,84.37301622697446,83.6803161961043,76.6268974309686,125.45629463049772
46880,전라남도 장성군,4706572,1600412,573001,821202,290223,1421734,43146,37.092940249385805,13.280512677884392,19.03309692671395,6.726533166458073,100.130674528199,77.93367828586211,222.8229416517245,97.75697134816389
46890,전라남도 완도군,4397569,1794579,822385,234644,363961,1182000,47597,37.70361577410341,17.27808475324075,4.92980650040969,7.646721432023027,101.77916482842124,101.39252385920925,57.71388599683506,111.13010364167735
46900,전라남도 진도군,2625310,1199546,518210,101482,225307,580765,29507,40.65292981326465,17.562273358863997,3.4392517029857324,7.6357135594943575,109.74070150227905,103.06022027276953,40.26376708376763,110.9701257968114
46910,전라남도 신안군,3474602,1434832,527338,153376,302362,1056694,37858,37.900364520048605,13.929367636959164,4.051349780759681,7.9867399228696705,102.31027895719123,81.74133653379468,47.429678905375994,116.07160575650953
47111,경상북도 포항시 남구,24024517,8940577,3535229,7766081,2018969,1763661,227486,39.30165812401642,15.540424465681404,34.138720624565906,8.875135173153513,106.09300615093724,91.1954583463482,399.6664433056873,128.98268890717398
47113,경상북도 포항시 북구,20129780,11579542,3964916,1185714,1847056,1552552,269164,43.02039648690018,14.730484017179117,4.405173054346049,6.862195538779331,116.1315681566981,86.4425064178132,51.57193399654307,99.72855794646746
47130,경상북도 경주시,26849822,10423459,4871188,5510612,2323927,3720636,249607,41.75948190555553,19.515430256363004,22.077153284963963,9.310343860548782,112.7277876339456,114.52187879330103,258.4601054254714,135.3075938963177
47150,경상북도 김천시,14810671,5933426,2234692,2307781,1152047,3182725,139324,42.58724986362723,16.03953374867216,16.56413109012087,8.268833797479257,114.9623089050363,94.12436803782896,193.91843742597618,120.17128714293501
47170,경상북도 안동시,14538999,6677307,2801336,517248,1648179,2894929,154610,43.188066748593236,18.11872453269517,3.3455015846323004,10.660235431084665,116.58418626377637,106.32562785265651,39.16622225266927,154.9256212394416
47190,경상북도 구미시,39128572,16647588,6214278,10639421,2796704,2830581,408110,40.791913944769796,15.226968219352626,26.069983582857564,6.852819092891623,110.11588272929318,89.35601141755896,305.2046891323957,99.59228968920783
47210,경상북도 영주시,9685819,3961955,1603307,776095,893495,2450967,100749,39.32500570725268,15.913875075683134,7.703252637743303,8.868524749625307,106.15603187071929,93.38696859911127,90.18298071183703,128.88661936177004
47230,경상북도 영천시,10879751,3806155,1415506,2477470,789237,2391383,101088,37.65189735675847,14.002710509654953,24.508052389996834,7.807425213675214,101.63955335574038,82.17173255719166,286.91895747291306,113.46561802772872
47250,경상북도 상주시,10878412,4114349,1537794,445341,762688,4018240,94823,43.38977885112262,16.217521065564263,4.696550414983706,8.043280638663616,117.1286987438056,95.1688462616804,54.98312666150932,116.8933142052889
47280,경상북도 문경시,7043198,2922920,1221707,608556,587747,1702268,70373,41.534679493555764,17.360450741051256,8.647577906299292,8.351882113878903,112.12094393275167,101.87586998833953,101.23831947388413,121.37823159498598
47290,경상북도 경산시,23941850,11075594,3424455,4434896,2787467,2219438,267725,41.369293117938184,12.790942198151088,16.565117191147632,10.411679895415071,111.67449107037343,75.06074489908653,193.92998183897396,151.31335385331727
47720,경상북도 군위군,2789877,901554,388433,284534,193561,1021795,23340,38.62699228791774,16.6423736075407,12.190831191088261,8.293101970865466,104.27177696836225,97.6619971006883,142.71964660492415,120.52397746225401
47730,경상북도 의성군,5832683,2136727,609822,315968,385888,2384278,50186,42.57615669708684,12.151237396883593,6.295939106523732,7.689156338421074,114.93236341565543,71.30678227813114,73.7073781307094,111.746811807126
47750,경상북도 청송군,2181440,840868,413487,23924,192246,710915,24295,34.61074295122453,17.019427865816013,0.9847293681827537,7.912986211154559,93.43009786574159,99.87465454648681,11.528354812366734,114.99974016029016
47760,경상북도 영양군,1441572,647259,205419,45949,126148,416797,16022,40.398140057421045,12.82105854450131,2.867869179877668,7.87342404194233,109.0529083550125,75.23747585101073,33.57451755713768,114.42478159746967
47770,경상북도 영덕군,3119949,1327454,714981,141064,297906,638544,34650,38.31036075036075,20.634372294372294,4.071111111111111,8.597575757575758,103.4170447950882,121.0881365068274,47.66102737046351,124.9489069923908
47820,경상북도 청도군,4178928,1671836,597215,280739,358744,1270394,41614,40.174845004085164,14.351300043254675,6.7462632767818524,8.620752631325995,108.45013369872999,84.21735121848171,78.9793817725839,125.28573741113311
47830,경상북도 고령군,4351402,1168901,579962,1458420,214365,929754,30353,38.51022963133792,19.107238164267123,48.0486278127368,7.062399103877706,103.95658158389188,112.12649602790457,562.5115362353866,102.63812424054515
47840,경상북도 성주군,5959898,1635631,754634,1933441,268119,1368073,42566,38.425762345534,17.72856270262651,45.42219142038247,6.298900530940187,103.72856605731864,104.03605159295162,531.7635037286991,91.54216941924183
47850,경상북도 칠곡군,12903225,4619835,2337127,3247121,869969,1829173,112487,41.069945860410535,20.77686310418093,28.866633477646307,7.733951478837555,110.86641701064974,121.92431152504115,337.94543325439815,112.39782134649275
47900,경상북도 예천군,6679770,2768861,811804,179156,402786,2517163,55755,49.66121424087526,14.560200878844947,3.213272352255403,7.224213075060533,134.05814816501584,85.44323841948196,37.61819742812189,104.98977305475617
47920,경상북도 봉화군,3302544,1253784,406289,220253,233765,1188453,30139,41.60005308736189,13.480506984306048,7.307906698961478,7.756229470121769,112.29741692195473,79.10729953932659,85.55461437772843,112.72158827096513
47930,경상북도 울진군,3945637,1986269,870718,94739,376043,617868,47030,42.23408462683393,18.514097384648096,2.014437593025728,7.995811184350415,114.00895570245191,108.64578381307925,23.58328295075351,116.20343875676689
47940,경상북도 울릉군,658619,242092,218298,22387,95582,80260,8996,26.911071587372167,24.266118274788795,2.4885504668741665,10.624944419742107,72.64519157024345,142.4002145657627,29.133784040126216,154.41273558210696
48121,경상남도 창원시 의창구,16146348,8379990,3389977,1994050,1554858,827473,215823,38.82806744415563,15.707209148237213,9.239284042942597,7.204320206836157,104.81457004137285,92.17419644995766,108.16550018797939,104.70066921762053
48123,경상남도 창원시 성산구,24516723,9209774,4784569,8315573,1872270,334537,248512,37.0596751867113,19.252869076744783,33.46145457764615,7.533921903167654,100.04087703192542,112.98109802684777,391.7376015918786,109.49078364762946
48125,경상남도 창원시 마산합포구,12922662,6929401,3377304,792462,1132922,690573,179496,38.60476556580648,18.815483353389492,4.41492846637251,6.311683825823416,104.21177696128305,110.41439905388084,51.68614187417489,91.72794954708932
48127,경상남도 창원시 마산회원구,12232546,6526418,2706005,1397248,1309890,292985,183662,35.53493918175779,14.733613921224858,7.607714170595986,7.132068691400508,95.92492279300647,86.46087355023366,89.06449944877033,103.65063509907573
48129,경상남도 창원시 진해구,13983860,7604414,2405250,827432,759028,2387736,193994,39.199222656370814,12.398579337505284,4.26524531686547,3.9126364732929884,105.81648634954092,72.75825239035893,49.9337817712827,56.86249991641482
48170,경상남도 진주시,26339429,13955811,5708836,1851866,2803487,2019429,343782,40.5949438888598,16.60597704359158,5.38674508845722,8.154839404040933,109.58417118452151,97.44841211535521,63.06332548821029,118.51460213485834
48220,경상남도 통영시,9259597,5195391,2136473,614436,740568,572729,122681,42.34878261507487,17.41486456745543,5.008403909325812,6.036533774586122,114.31857761035073,102.19518519432158,58.63403608740245,87.72918301912863
48240,경상남도 사천시,10111911,4495768,1862494,1661705,747938,1344006,109369,41.10641955215829,17.029450758441605,15.193564904131884,6.838665435361025,110.96487605252354,99.93347161991782,177.87304079576123,99.38659402705161
48250,경상남도 김해시,43878674,20741063,7995831,9423049,2951030,2767701,535129,38.75899642889845,14.941875697261782,17.608929809447815,5.514614233203583,104.62811603418038,87.68301057510412,206.15003194634193,80.14410577496996
48270,경상남도 밀양시,10565769,4669324,1669936,1570062,764803,1891644,102945,45.35746272281315,16.2216329107776,15.251464374180388,7.429238913983195,122.44037023724816,95.19297569326109,178.5508774235029,107.96942164418691
48310,경상남도 거제시,17761015,10618419,3627042,1551469,1306297,657788,236662,44.867443865090294,15.325831776964616,6.555632082886142,5.5196736273673,121.11758702229018,89.93616979547755,76.74763758728508,80.21763414955197
48330,경상남도 양산시,28553965,14045748,5270639,5369922,2121717,1745939,353792,39.70058113241679,14.897564105463097,15.178189444645442,5.997074552279305,107.16988033905473,87.42297804297725,177.6930382914285,87.15572058773778
48720,경상남도 의령군,3218758,1212800,400813,384121,247254,973770,26061,46.53697095276467,15.379801235562718,14.739303940754384,9.48751007252216,125.62439808412566,90.25287732971687,172.5549486047183,137.88235743039297
48730,경상남도 함안군,8789021,2645343,924034,3722828,383243,1113573,61456,43.044503384535275,15.035700338453529,60.57712835199167,6.236055063785472,116.19664361053796,88.23359921420844,709.1843218251965,90.62883377070293
48740,경상남도 창녕군,7358508,2325234,1128359,1446126,573568,1885221,58372,39.83474953744946,19.330483793599672,24.77430960049339,9.826080997738641,107.53206173545983,113.43656239937083,290.03606527240913,142.8028220169278
48820,경상남도 고성군,5245843,2121219,801084,642224,368067,1313249,50448,42.04763320647003,15.879400570884872,12.730415477323184,7.295968125594672,113.50563872724697,93.18466278222168,149.03663003598945,106.03259202934028
48840,경상남도 남해군,4350835,2011407,809931,69607,360023,1099867,41579,48.37555015753145,19.479328507179105,1.6740902859616633,8.658770052189807,130.58755750769996,114.31002386159044,19.59879275269141,125.83824608538552
48850,경상남도 하동군,4272583,1828026,749101,218051,342087,1135318,42465,43.047827622748144,17.640433298010127,5.134840456846815,8.055740021193925,116.20561723765701,103.5188841587203,60.11424519679734,117.0743869021582
48860,경상남도 산청군,3611220,1486588,569351,271446,297359,986476,34028,43.68719877747737,16.731838485952746,7.977136475843423,8.738656400611262,117.93157006227761,98.18700146017049,93.38937443280201,126.99923753231505
48870,경상남도 함양군,3788858,1676436,584963,263393,256631,1007435,37708,44.45836427283335,15.512968070435981,6.985069481277183,6.805744139174711,120.01329560637615,91.03433671453729,81.77511707384471,98.90814753338411
48880,경상남도 거창군,5653034,2382461,846779,414283,480779,1528732,60387,39.45321012800768,14.022537963468958,6.860466656730753,7.961630814579297,106.50211376774304,82.28808547550494,80.31637559785399,115.70669409711864
48890,경상남도 합천군,5111426,1923900,660541,254796,350320,1921869,42142,45.652792938161454,15.674173034027811,6.046129751791562,8.312847040956765,123.23760047762721,91.98033150219116,70.78282751827517,120.81093334330247
50110,제주특별자치도 제주시,37612856,17573991,11180426,607050,3687448,4563941,493389,35.61893556605437,22.660468717381214,1.2303679247003885,7.47371343909167,96.15166714276681,132.9778240992244,14.40407734754286,108.615771668659
50130,제주특별자치도 서귀포시,17400748,7308350,5668984,226015,1750303,2447096,184770,39.55376955133409,30.681301077014666,1.2232234670130433,9.472874384369756,106.7735692743743,180.04626067708728,14.320436252006477,137.66965639823135
